日付,勤務名,グループ名,割り当て職員数下限
2018/5/1,a,A,1
2018/5/1,a,B,1
2018/5/1,a,C,1
2018/5/1,a,D,1
2018/5/1,a,E,1
2018/5/1,b,A,1
2018/5/1,b,B,1
2018/5/1,b,C,1
2018/5/1,b,D,1
2018/5/1,b,E,1
2018/5/1,c,A,1
2018/5/1,c,B,1
2018/5/1,c,C,1
2018/5/1,c,D,1
2018/5/1,c,E,1
2018/5/1,d,A,1
2018/5/1,d,B,1
2018/5/1,d,C,1
2018/5/1,d,D,1
2018/5/1,d,E,1
2018/5/1,e,A,1
2018/5/1,e,B,1
2018/5/1,e,C,1
2018/5/1,e,D,1
2018/5/1,e,E,1
2018/5/2,a,A,1
2018/5/2,a,B,1
2018/5/2,a,C,1
2018/5/2,a,D,1
2018/5/2,a,E,1
2018/5/2,b,A,1
2018/5/2,b,B,1
2018/5/2,b,C,1
2018/5/2,b,D,1
2018/5/2,b,E,1
2018/5/2,c,A,1
2018/5/2,c,B,1
2018/5/2,c,C,1
2018/5/2,c,D,1
2018/5/2,c,E,1
2018/5/2,d,A,1
2018/5/2,d,B,1
2018/5/2,d,C,1
2018/5/2,d,D,1
2018/5/2,d,E,1
2018/5/2,e,A,1
2018/5/2,e,B,1
2018/5/2,e,C,1
2018/5/2,e,D,1
2018/5/2,e,E,1
2018/5/3,a,A,1
2018/5/3,a,B,1
2018/5/3,a,C,1
2018/5/3,a,D,1
2018/5/3,a,E,1
2018/5/3,b,A,1
2018/5/3,b,B,1
2018/5/3,b,C,1
2018/5/3,b,D,1
2018/5/3,b,E,1
2018/5/3,c,A,1
2018/5/3,c,B,1
2018/5/3,c,C,1
2018/5/3,c,D,1
2018/5/3,c,E,1
2018/5/3,d,A,1
2018/5/3,d,B,1
2018/5/3,d,C,1
2018/5/3,d,D,1
2018/5/3,d,E,1
2018/5/3,e,A,1
2018/5/3,e,B,1
2018/5/3,e,C,1
2018/5/3,e,D,1
2018/5/3,e,E,1
2018/5/4,a,A,1
2018/5/4,a,B,1
2018/5/4,a,C,1
2018/5/4,a,D,1
2018/5/4,a,E,1
2018/5/4,b,A,1
2018/5/4,b,B,1
2018/5/4,b,C,1
2018/5/4,b,D,1
2018/5/4,b,E,1
2018/5/4,c,A,1
2018/5/4,c,B,1
2018/5/4,c,C,1
2018/5/4,c,D,1
2018/5/4,c,E,1
2018/5/4,d,A,1
2018/5/4,d,B,1
2018/5/4,d,C,1
2018/5/4,d,D,1
2018/5/4,d,E,1
2018/5/4,e,A,1
2018/5/4,e,B,1
2018/5/4,e,C,1
2018/5/4,e,D,1
2018/5/4,e,E,1
2018/5/5,a,A,1
2018/5/5,a,B,1
2018/5/5,a,C,1
2018/5/5,a,D,1
2018/5/5,a,E,1
2018/5/5,b,A,1
2018/5/5,b,B,1
2018/5/5,b,C,1
2018/5/5,b,D,1
2018/5/5,b,E,1
2018/5/5,c,A,1
2018/5/5,c,B,1
2018/5/5,c,C,1
2018/5/5,c,D,1
2018/5/5,c,E,1
2018/5/5,d,A,1
2018/5/5,d,B,1
2018/5/5,d,C,1
2018/5/5,d,D,1
2018/5/5,d,E,1
2018/5/5,e,A,1
2018/5/5,e,B,1
2018/5/5,e,C,1
2018/5/5,e,D,1
2018/5/5,e,E,1
2018/5/6,a,A,1
2018/5/6,a,B,1
2018/5/6,a,C,1
2018/5/6,a,D,1
2018/5/6,a,E,1
2018/5/6,b,A,1
2018/5/6,b,B,1
2018/5/6,b,C,1
2018/5/6,b,D,1
2018/5/6,b,E,1
2018/5/6,c,A,1
2018/5/6,c,B,1
2018/5/6,c,C,1
2018/5/6,c,D,1
2018/5/6,c,E,1
2018/5/6,d,A,1
2018/5/6,d,B,1
2018/5/6,d,C,1
2018/5/6,d,D,1
2018/5/6,d,E,1
2018/5/6,e,A,1
2018/5/6,e,B,1
2018/5/6,e,C,1
2018/5/6,e,D,1
2018/5/6,e,E,1
2018/5/7,a,A,1
2018/5/7,a,B,1
2018/5/7,a,C,1
2018/5/7,a,D,1
2018/5/7,a,E,1
2018/5/7,b,A,1
2018/5/7,b,B,1
2018/5/7,b,C,1
2018/5/7,b,D,1
2018/5/7,b,E,1
2018/5/7,c,A,1
2018/5/7,c,B,1
2018/5/7,c,C,1
2018/5/7,c,D,1
2018/5/7,c,E,1
2018/5/7,d,A,1
2018/5/7,d,B,1
2018/5/7,d,C,1
2018/5/7,d,D,1
2018/5/7,d,E,1
2018/5/7,e,A,1
2018/5/7,e,B,1
2018/5/7,e,C,1
2018/5/7,e,D,1
2018/5/7,e,E,1
2018/5/8,a,A,1
2018/5/8,a,B,1
2018/5/8,a,C,1
2018/5/8,a,D,1
2018/5/8,a,E,1
2018/5/8,b,A,1
2018/5/8,b,B,1
2018/5/8,b,C,1
2018/5/8,b,D,1
2018/5/8,b,E,1
2018/5/8,c,A,1
2018/5/8,c,B,1
2018/5/8,c,C,1
2018/5/8,c,D,1
2018/5/8,c,E,1
2018/5/8,d,A,1
2018/5/8,d,B,1
2018/5/8,d,C,1
2018/5/8,d,D,1
2018/5/8,d,E,1
2018/5/8,e,A,1
2018/5/8,e,B,1
2018/5/8,e,C,1
2018/5/8,e,D,1
2018/5/8,e,E,1
2018/5/9,a,A,1
2018/5/9,a,B,1
2018/5/9,a,C,1
2018/5/9,a,D,1
2018/5/9,a,E,1
2018/5/9,b,A,1
2018/5/9,b,B,1
2018/5/9,b,C,1
2018/5/9,b,D,1
2018/5/9,b,E,1
2018/5/9,c,A,1
2018/5/9,c,B,1
2018/5/9,c,C,1
2018/5/9,c,D,1
2018/5/9,c,E,1
2018/5/9,d,A,1
2018/5/9,d,B,1
2018/5/9,d,C,1
2018/5/9,d,D,1
2018/5/9,d,E,1
2018/5/9,e,A,1
2018/5/9,e,B,1
2018/5/9,e,C,1
2018/5/9,e,D,1
2018/5/9,e,E,1
2018/5/10,a,A,1
2018/5/10,a,B,1
2018/5/10,a,C,1
2018/5/10,a,D,1
2018/5/10,a,E,1
2018/5/10,b,A,1
2018/5/10,b,B,1
2018/5/10,b,C,1
2018/5/10,b,D,1
2018/5/10,b,E,1
2018/5/10,c,A,1
2018/5/10,c,B,1
2018/5/10,c,C,1
2018/5/10,c,D,1
2018/5/10,c,E,1
2018/5/10,d,A,1
2018/5/10,d,B,1
2018/5/10,d,C,1
2018/5/10,d,D,1
2018/5/10,d,E,1
2018/5/10,e,A,1
2018/5/10,e,B,1
2018/5/10,e,C,1
2018/5/10,e,D,1
2018/5/10,e,E,1
2018/5/11,a,A,1
2018/5/11,a,B,1
2018/5/11,a,C,1
2018/5/11,a,D,1
2018/5/11,a,E,1
2018/5/11,b,A,1
2018/5/11,b,B,1
2018/5/11,b,C,1
2018/5/11,b,D,1
2018/5/11,b,E,1
2018/5/11,c,A,1
2018/5/11,c,B,1
2018/5/11,c,C,1
2018/5/11,c,D,1
2018/5/11,c,E,1
2018/5/11,d,A,1
2018/5/11,d,B,1
2018/5/11,d,C,1
2018/5/11,d,D,1
2018/5/11,d,E,1
2018/5/11,e,A,1
2018/5/11,e,B,1
2018/5/11,e,C,1
2018/5/11,e,D,1
2018/5/11,e,E,1
2018/5/12,a,A,1
2018/5/12,a,B,1
2018/5/12,a,C,1
2018/5/12,a,D,1
2018/5/12,a,E,1
2018/5/12,b,A,1
2018/5/12,b,B,1
2018/5/12,b,C,1
2018/5/12,b,D,1
2018/5/12,b,E,1
2018/5/12,c,A,1
2018/5/12,c,B,1
2018/5/12,c,C,1
2018/5/12,c,D,1
2018/5/12,c,E,1
2018/5/12,d,A,1
2018/5/12,d,B,1
2018/5/12,d,C,1
2018/5/12,d,D,1
2018/5/12,d,E,1
2018/5/12,e,A,1
2018/5/12,e,B,1
2018/5/12,e,C,1
2018/5/12,e,D,1
2018/5/12,e,E,1
2018/5/13,a,A,1
2018/5/13,a,B,1
2018/5/13,a,C,1
2018/5/13,a,D,1
2018/5/13,a,E,1
2018/5/13,b,A,1
2018/5/13,b,B,1
2018/5/13,b,C,1
2018/5/13,b,D,1
2018/5/13,b,E,1
2018/5/13,c,A,1
2018/5/13,c,B,1
2018/5/13,c,C,1
2018/5/13,c,D,1
2018/5/13,c,E,1
2018/5/13,d,A,1
2018/5/13,d,B,1
2018/5/13,d,C,1
2018/5/13,d,D,1
2018/5/13,d,E,1
2018/5/13,e,A,1
2018/5/13,e,B,1
2018/5/13,e,C,1
2018/5/13,e,D,1
2018/5/13,e,E,1
2018/5/14,a,A,1
2018/5/14,a,B,1
2018/5/14,a,C,1
2018/5/14,a,D,1
2018/5/14,a,E,1
2018/5/14,b,A,1
2018/5/14,b,B,1
2018/5/14,b,C,1
2018/5/14,b,D,1
2018/5/14,b,E,1
2018/5/14,c,A,1
2018/5/14,c,B,1
2018/5/14,c,C,1
2018/5/14,c,D,1
2018/5/14,c,E,1
2018/5/14,d,A,1
2018/5/14,d,B,1
2018/5/14,d,C,1
2018/5/14,d,D,1
2018/5/14,d,E,1
2018/5/14,e,A,1
2018/5/14,e,B,1
2018/5/14,e,C,1
2018/5/14,e,D,1
2018/5/14,e,E,1
2018/5/15,a,A,1
2018/5/15,a,B,1
2018/5/15,a,C,1
2018/5/15,a,D,1
2018/5/15,a,E,1
2018/5/15,b,A,1
2018/5/15,b,B,1
2018/5/15,b,C,1
2018/5/15,b,D,1
2018/5/15,b,E,1
2018/5/15,c,A,1
2018/5/15,c,B,1
2018/5/15,c,C,1
2018/5/15,c,D,1
2018/5/15,c,E,1
2018/5/15,d,A,1
2018/5/15,d,B,1
2018/5/15,d,C,1
2018/5/15,d,D,1
2018/5/15,d,E,1
2018/5/15,e,A,1
2018/5/15,e,B,1
2018/5/15,e,C,1
2018/5/15,e,D,1
2018/5/15,e,E,1
2018/5/16,a,A,1
2018/5/16,a,B,1
2018/5/16,a,C,1
2018/5/16,a,D,1
2018/5/16,a,E,1
2018/5/16,b,A,1
2018/5/16,b,B,1
2018/5/16,b,C,1
2018/5/16,b,D,1
2018/5/16,b,E,1
2018/5/16,c,A,1
2018/5/16,c,B,1
2018/5/16,c,C,1
2018/5/16,c,D,1
2018/5/16,c,E,1
2018/5/16,d,A,1
2018/5/16,d,B,1
2018/5/16,d,C,1
2018/5/16,d,D,1
2018/5/16,d,E,1
2018/5/16,e,A,1
2018/5/16,e,B,1
2018/5/16,e,C,1
2018/5/16,e,D,1
2018/5/16,e,E,1
2018/5/17,a,A,1
2018/5/17,a,B,1
2018/5/17,a,C,1
2018/5/17,a,D,1
2018/5/17,a,E,1
2018/5/17,b,A,1
2018/5/17,b,B,1
2018/5/17,b,C,1
2018/5/17,b,D,1
2018/5/17,b,E,1
2018/5/17,c,A,1
2018/5/17,c,B,1
2018/5/17,c,C,1
2018/5/17,c,D,1
2018/5/17,c,E,1
2018/5/17,d,A,1
2018/5/17,d,B,1
2018/5/17,d,C,1
2018/5/17,d,D,1
2018/5/17,d,E,1
2018/5/17,e,A,1
2018/5/17,e,B,1
2018/5/17,e,C,1
2018/5/17,e,D,1
2018/5/17,e,E,1
2018/5/18,a,A,1
2018/5/18,a,B,1
2018/5/18,a,C,1
2018/5/18,a,D,1
2018/5/18,a,E,1
2018/5/18,b,A,1
2018/5/18,b,B,1
2018/5/18,b,C,1
2018/5/18,b,D,1
2018/5/18,b,E,1
2018/5/18,c,A,1
2018/5/18,c,B,1
2018/5/18,c,C,1
2018/5/18,c,D,1
2018/5/18,c,E,1
2018/5/18,d,A,1
2018/5/18,d,B,1
2018/5/18,d,C,1
2018/5/18,d,D,1
2018/5/18,d,E,1
2018/5/18,e,A,1
2018/5/18,e,B,1
2018/5/18,e,C,1
2018/5/18,e,D,1
2018/5/18,e,E,1
2018/5/19,a,A,1
2018/5/19,a,B,1
2018/5/19,a,C,1
2018/5/19,a,D,1
2018/5/19,a,E,1
2018/5/19,b,A,1
2018/5/19,b,B,1
2018/5/19,b,C,1
2018/5/19,b,D,1
2018/5/19,b,E,1
2018/5/19,c,A,1
2018/5/19,c,B,1
2018/5/19,c,C,1
2018/5/19,c,D,1
2018/5/19,c,E,1
2018/5/19,d,A,1
2018/5/19,d,B,1
2018/5/19,d,C,1
2018/5/19,d,D,1
2018/5/19,d,E,1
2018/5/19,e,A,1
2018/5/19,e,B,1
2018/5/19,e,C,1
2018/5/19,e,D,1
2018/5/19,e,E,1
2018/5/20,a,A,1
2018/5/20,a,B,1
2018/5/20,a,C,1
2018/5/20,a,D,1
2018/5/20,a,E,1
2018/5/20,b,A,1
2018/5/20,b,B,1
2018/5/20,b,C,1
2018/5/20,b,D,1
2018/5/20,b,E,1
2018/5/20,c,A,1
2018/5/20,c,B,1
2018/5/20,c,C,1
2018/5/20,c,D,1
2018/5/20,c,E,1
2018/5/20,d,A,1
2018/5/20,d,B,1
2018/5/20,d,C,1
2018/5/20,d,D,1
2018/5/20,d,E,1
2018/5/20,e,A,1
2018/5/20,e,B,1
2018/5/20,e,C,1
2018/5/20,e,D,1
2018/5/20,e,E,1
2018/5/21,a,A,1
2018/5/21,a,B,1
2018/5/21,a,C,1
2018/5/21,a,D,1
2018/5/21,a,E,1
2018/5/21,b,A,1
2018/5/21,b,B,1
2018/5/21,b,C,1
2018/5/21,b,D,1
2018/5/21,b,E,1
2018/5/21,c,A,1
2018/5/21,c,B,1
2018/5/21,c,C,1
2018/5/21,c,D,1
2018/5/21,c,E,1
2018/5/21,d,A,1
2018/5/21,d,B,1
2018/5/21,d,C,1
2018/5/21,d,D,1
2018/5/21,d,E,1
2018/5/21,e,A,1
2018/5/21,e,B,1
2018/5/21,e,C,1
2018/5/21,e,D,1
2018/5/21,e,E,1
2018/5/22,a,A,1
2018/5/22,a,B,1
2018/5/22,a,C,1
2018/5/22,a,D,1
2018/5/22,a,E,1
2018/5/22,b,A,1
2018/5/22,b,B,1
2018/5/22,b,C,1
2018/5/22,b,D,1
2018/5/22,b,E,1
2018/5/22,c,A,1
2018/5/22,c,B,1
2018/5/22,c,C,1
2018/5/22,c,D,1
2018/5/22,c,E,1
2018/5/22,d,A,1
2018/5/22,d,B,1
2018/5/22,d,C,1
2018/5/22,d,D,1
2018/5/22,d,E,1
2018/5/22,e,A,1
2018/5/22,e,B,1
2018/5/22,e,C,1
2018/5/22,e,D,1
2018/5/22,e,E,1
2018/5/23,a,A,1
2018/5/23,a,B,1
2018/5/23,a,C,1
2018/5/23,a,D,1
2018/5/23,a,E,1
2018/5/23,b,A,1
2018/5/23,b,B,1
2018/5/23,b,C,1
2018/5/23,b,D,1
2018/5/23,b,E,1
2018/5/23,c,A,1
2018/5/23,c,B,1
2018/5/23,c,C,1
2018/5/23,c,D,1
2018/5/23,c,E,1
2018/5/23,d,A,1
2018/5/23,d,B,1
2018/5/23,d,C,1
2018/5/23,d,D,1
2018/5/23,d,E,1
2018/5/23,e,A,1
2018/5/23,e,B,1
2018/5/23,e,C,1
2018/5/23,e,D,1
2018/5/23,e,E,1
2018/5/24,a,A,1
2018/5/24,a,B,1
2018/5/24,a,C,1
2018/5/24,a,D,1
2018/5/24,a,E,1
2018/5/24,b,A,1
2018/5/24,b,B,1
2018/5/24,b,C,1
2018/5/24,b,D,1
2018/5/24,b,E,1
2018/5/24,c,A,1
2018/5/24,c,B,1
2018/5/24,c,C,1
2018/5/24,c,D,1
2018/5/24,c,E,1
2018/5/24,d,A,1
2018/5/24,d,B,1
2018/5/24,d,C,1
2018/5/24,d,D,1
2018/5/24,d,E,1
2018/5/24,e,A,1
2018/5/24,e,B,1
2018/5/24,e,C,1
2018/5/24,e,D,1
2018/5/24,e,E,1
2018/5/25,a,A,1
2018/5/25,a,B,1
2018/5/25,a,C,1
2018/5/25,a,D,1
2018/5/25,a,E,1
2018/5/25,b,A,1
2018/5/25,b,B,1
2018/5/25,b,C,1
2018/5/25,b,D,1
2018/5/25,b,E,1
2018/5/25,c,A,1
2018/5/25,c,B,1
2018/5/25,c,C,1
2018/5/25,c,D,1
2018/5/25,c,E,1
2018/5/25,d,A,1
2018/5/25,d,B,1
2018/5/25,d,C,1
2018/5/25,d,D,1
2018/5/25,d,E,1
2018/5/25,e,A,1
2018/5/25,e,B,1
2018/5/25,e,C,1
2018/5/25,e,D,1
2018/5/25,e,E,1
2018/5/26,a,A,1
2018/5/26,a,B,1
2018/5/26,a,C,1
2018/5/26,a,D,1
2018/5/26,a,E,1
2018/5/26,b,A,1
2018/5/26,b,B,1
2018/5/26,b,C,1
2018/5/26,b,D,1
2018/5/26,b,E,1
2018/5/26,c,A,1
2018/5/26,c,B,1
2018/5/26,c,C,1
2018/5/26,c,D,1
2018/5/26,c,E,1
2018/5/26,d,A,1
2018/5/26,d,B,1
2018/5/26,d,C,1
2018/5/26,d,D,1
2018/5/26,d,E,1
2018/5/26,e,A,1
2018/5/26,e,B,1
2018/5/26,e,C,1
2018/5/26,e,D,1
2018/5/26,e,E,1
2018/5/27,a,A,1
2018/5/27,a,B,1
2018/5/27,a,C,1
2018/5/27,a,D,1
2018/5/27,a,E,1
2018/5/27,b,A,1
2018/5/27,b,B,1
2018/5/27,b,C,1
2018/5/27,b,D,1
2018/5/27,b,E,1
2018/5/27,c,A,1
2018/5/27,c,B,1
2018/5/27,c,C,1
2018/5/27,c,D,1
2018/5/27,c,E,1
2018/5/27,d,A,1
2018/5/27,d,B,1
2018/5/27,d,C,1
2018/5/27,d,D,1
2018/5/27,d,E,1
2018/5/27,e,A,1
2018/5/27,e,B,1
2018/5/27,e,C,1
2018/5/27,e,D,1
2018/5/27,e,E,1
2018/5/28,a,A,1
2018/5/28,a,B,1
2018/5/28,a,C,1
2018/5/28,a,D,1
2018/5/28,a,E,1
2018/5/28,b,A,1
2018/5/28,b,B,1
2018/5/28,b,C,1
2018/5/28,b,D,1
2018/5/28,b,E,1
2018/5/28,c,A,1
2018/5/28,c,B,1
2018/5/28,c,C,1
2018/5/28,c,D,1
2018/5/28,c,E,1
2018/5/28,d,A,1
2018/5/28,d,B,1
2018/5/28,d,C,1
2018/5/28,d,D,1
2018/5/28,d,E,1
2018/5/28,e,A,1
2018/5/28,e,B,1
2018/5/28,e,C,1
2018/5/28,e,D,1
2018/5/28,e,E,1
2018/5/29,a,A,1
2018/5/29,a,B,1
2018/5/29,a,C,1
2018/5/29,a,D,1
2018/5/29,a,E,1
2018/5/29,b,A,1
2018/5/29,b,B,1
2018/5/29,b,C,1
2018/5/29,b,D,1
2018/5/29,b,E,1
2018/5/29,c,A,1
2018/5/29,c,B,1
2018/5/29,c,C,1
2018/5/29,c,D,1
2018/5/29,c,E,1
2018/5/29,d,A,1
2018/5/29,d,B,1
2018/5/29,d,C,1
2018/5/29,d,D,1
2018/5/29,d,E,1
2018/5/29,e,A,1
2018/5/29,e,B,1
2018/5/29,e,C,1
2018/5/29,e,D,1
2018/5/29,e,E,1
2018/5/30,a,A,1
2018/5/30,a,B,1
2018/5/30,a,C,1
2018/5/30,a,D,1
2018/5/30,a,E,1
2018/5/30,b,A,1
2018/5/30,b,B,1
2018/5/30,b,C,1
2018/5/30,b,D,1
2018/5/30,b,E,1
2018/5/30,c,A,1
2018/5/30,c,B,1
2018/5/30,c,C,1
2018/5/30,c,D,1
2018/5/30,c,E,1
2018/5/30,d,A,1
2018/5/30,d,B,1
2018/5/30,d,C,1
2018/5/30,d,D,1
2018/5/30,d,E,1
2018/5/30,e,A,1
2018/5/30,e,B,1
2018/5/30,e,C,1
2018/5/30,e,D,1
2018/5/30,e,E,1
2018/5/31,a,A,1
2018/5/31,a,B,1
2018/5/31,a,C,1
2018/5/31,a,D,1
2018/5/31,a,E,1
2018/5/31,b,A,1
2018/5/31,b,B,1
2018/5/31,b,C,1
2018/5/31,b,D,1
2018/5/31,b,E,1
2018/5/31,c,A,1
2018/5/31,c,B,1
2018/5/31,c,C,1
2018/5/31,c,D,1
2018/5/31,c,E,1
2018/5/31,d,A,1
2018/5/31,d,B,1
2018/5/31,d,C,1
2018/5/31,d,D,1
2018/5/31,d,E,1
2018/5/31,e,A,1
2018/5/31,e,B,1
2018/5/31,e,C,1
2018/5/31,e,D,1
2018/5/31,e,E,1
